"FALL"	"GESCHLECHT"	"FILLER"	"GENRE"	"LAENGE"
"1"	1	"maennlich"	"aehm"	"monolog"	1014
"2"	2	"weiblich"	"stille"	"monolog"	1188
"3"	3	"weiblich"	"stille"	"dialog"	889
"4"	4	"weiblich"	"aehm"	"dialog"	265
"5"	5	"maennlich"	"aeh"	"dialog"	465
"6"	6	"weiblich"	"aeh"	"dialog"	1278
"7"	7	"maennlich"	"stille"	"dialog"	671
"8"	8	"maennlich"	"aehm"	"monolog"	1079
"9"	9	"weiblich"	"aehm"	"monolog"	643
"10"	10	"maennlich"	"aehm"	"monolog"	1165
"11"	11	"weiblich"	"aeh"	"monolog"	586
"12"	12	"maennlich"	"aehm"	"dialog"	1445
"13"	13	"maennlich"	"aehm"	"dialog"	1334
"14"	14	"maennlich"	"aeh"	"dialog"	868
"15"	15	"maennlich"	"aehm"	"monolog"	408
"16"	16	"weiblich"	"aehm"	"dialog"	522
"17"	17	"maennlich"	"aeh"	"monolog"	842
"18"	18	"weiblich"	"aeh"	"dialog"	1233
"19"	19	"weiblich"	"stille"	"dialog"	1539
"20"	20	"weiblich"	"aehm"	"monolog"	533
"21"	21	"weiblich"	"stille"	"monolog"	921
"22"	22	"maennlich"	"aehm"	"monolog"	797
"23"	23	"weiblich"	"aehm"	"monolog"	363
"24"	24	"maennlich"	"aeh"	"dialog"	516
"25"	25	"maennlich"	"aeh"	"dialog"	1354
"26"	26	"maennlich"	"aeh"	"monolog"	713
"27"	27	"maennlich"	"aeh"	"dialog"	674
"28"	28	"maennlich"	"aeh"	"dialog"	440
"29"	29	"maennlich"	"stille"	"dialog"	1307
"30"	30	"maennlich"	"aeh"	"dialog"	1559
"31"	31	"maennlich"	"aeh"	"monolog"	446
"32"	32	"weiblich"	"stille"	"monolog"	1186
"33"	33	"maennlich"	"aeh"	"monolog"	883
"34"	34	"maennlich"	"stille"	"monolog"	854
"35"	35	"maennlich"	"aehm"	"monolog"	799
"36"	36	"maennlich"	"aeh"	"monolog"	1469
"37"	37	"weiblich"	"aeh"	"dialog"	1081
"38"	38	"weiblich"	"stille"	"dialog"	786
"39"	39	"maennlich"	"stille"	"monolog"	550
"40"	40	"weiblich"	"aeh"	"monolog"	1526
"41"	41	"maennlich"	"stille"	"dialog"	1012
"42"	42	"maennlich"	"aeh"	"dialog"	1201
"43"	43	"weiblich"	"aeh"	"dialog"	1211
"44"	44	"weiblich"	"aehm"	"dialog"	1111
"45"	45	"maennlich"	"aehm"	"monolog"	1363
"46"	46	"weiblich"	"stille"	"dialog"	849
"47"	47	"weiblich"	"aehm"	"dialog"	703
"48"	48	"maennlich"	"aeh"	"dialog"	298
"49"	49	"weiblich"	"aeh"	"dialog"	820
"50"	50	"weiblich"	"aehm"	"dialog"	872
"51"	51	"weiblich"	"stille"	"dialog"	639
"52"	52	"weiblich"	"aehm"	"dialog"	1435
"53"	53	"weiblich"	"aehm"	"dialog"	1182
"54"	54	"weiblich"	"stille"	"monolog"	1096
"55"	55	"weiblich"	"stille"	"monolog"	1390
"56"	56	"weiblich"	"stille"	"dialog"	466
"57"	57	"weiblich"	"stille"	"monolog"	1130
"58"	58	"maennlich"	"aehm"	"monolog"	671
"59"	59	"maennlich"	"stille"	"dialog"	347
"60"	60	"weiblich"	"aeh"	"monolog"	1117
"61"	61	"weiblich"	"stille"	"monolog"	1136
"62"	62	"weiblich"	"aehm"	"monolog"	389
"63"	63	"maennlich"	"aeh"	"dialog"	1340
"64"	64	"weiblich"	"stille"	"monolog"	969
"65"	65	"weiblich"	"aeh"	"dialog"	824
"66"	66	"maennlich"	"stille"	"monolog"	645
"67"	67	"weiblich"	"aehm"	"dialog"	663
"68"	68	"weiblich"	"aeh"	"dialog"	471
"69"	69	"weiblich"	"aehm"	"dialog"	465
"70"	70	"maennlich"	"aeh"	"monolog"	489
"71"	71	"maennlich"	"aeh"	"dialog"	891
"72"	72	"maennlich"	"aeh"	"dialog"	1498
"73"	73	"weiblich"	"aeh"	"dialog"	1426
"74"	74	"maennlich"	"aehm"	"dialog"	1188
"75"	75	"maennlich"	"stille"	"monolog"	369
"76"	76	"weiblich"	"aeh"	"dialog"	560
"77"	77	"maennlich"	"stille"	"monolog"	1043
"78"	78	"weiblich"	"aeh"	"monolog"	827
"79"	79	"maennlich"	"stille"	"monolog"	1464
"80"	80	"maennlich"	"stille"	"dialog"	1360
"81"	81	"weiblich"	"aeh"	"dialog"	1050
"82"	82	"weiblich"	"stille"	"dialog"	936
"83"	83	"weiblich"	"aehm"	"monolog"	313
"84"	84	"maennlich"	"aehm"	"monolog"	467
"85"	85	"maennlich"	"aeh"	"monolog"	733
"86"	86	"weiblich"	"stille"	"monolog"	868
"87"	87	"weiblich"	"stille"	"monolog"	1159
"88"	88	"weiblich"	"aeh"	"monolog"	540
"89"	89	"weiblich"	"stille"	"dialog"	673
"90"	90	"maennlich"	"aeh"	"dialog"	906
"91"	91	"maennlich"	"aeh"	"dialog"	444
"92"	92	"weiblich"	"aehm"	"monolog"	797
"93"	93	"weiblich"	"aehm"	"monolog"	425
"94"	94	"maennlich"	"aeh"	"dialog"	631
"95"	95	"weiblich"	"aehm"	"dialog"	1324
"96"	96	"weiblich"	"aeh"	"dialog"	257
"97"	97	"weiblich"	"aeh"	"monolog"	1126
"98"	98	"maennlich"	"stille"	"monolog"	1382
"99"	99	"maennlich"	"stille"	"dialog"	1058
"100"	100	"maennlich"	"aehm"	"monolog"	1281
"101"	101	"maennlich"	"stille"	"dialog"	431
"102"	102	"maennlich"	"stille"	"dialog"	686
"103"	103	"weiblich"	"stille"	"dialog"	1136
"104"	104	"weiblich"	"aeh"	"dialog"	303
"105"	105	"weiblich"	"aehm"	"dialog"	1594
"106"	106	"weiblich"	"aehm"	"dialog"	988
"107"	107	"weiblich"	"stille"	"dialog"	1517
"108"	108	"maennlich"	"stille"	"dialog"	563
"109"	109	"maennlich"	"aeh"	"dialog"	1099
"110"	110	"maennlich"	"aeh"	"dialog"	308
"111"	111	"weiblich"	"aeh"	"dialog"	455
"112"	112	"weiblich"	"aeh"	"monolog"	1294
"113"	113	"weiblich"	"aeh"	"monolog"	1000
"114"	114	"maennlich"	"stille"	"monolog"	663
"115"	115	"maennlich"	"aeh"	"monolog"	485
"116"	116	"weiblich"	"aehm"	"monolog"	902
"117"	117	"maennlich"	"aeh"	"monolog"	902
"118"	118	"weiblich"	"stille"	"dialog"	519
"119"	119	"weiblich"	"stille"	"monolog"	1498
"120"	120	"maennlich"	"stille"	"monolog"	997
"121"	121	"weiblich"	"stille"	"monolog"	897
"122"	122	"weiblich"	"aehm"	"dialog"	372
"123"	123	"weiblich"	"stille"	"monolog"	393
"124"	124	"weiblich"	"stille"	"dialog"	1538
"125"	125	"weiblich"	"aehm"	"dialog"	1442
"126"	126	"maennlich"	"aeh"	"dialog"	1223
"127"	127	"maennlich"	"aeh"	"dialog"	1223
"128"	128	"weiblich"	"aeh"	"dialog"	964
"129"	129	"weiblich"	"stille"	"monolog"	431
"130"	130	"maennlich"	"stille"	"monolog"	720
"131"	131	"weiblich"	"aeh"	"monolog"	1252
"132"	132	"maennlich"	"aeh"	"monolog"	1029
"133"	133	"maennlich"	"aeh"	"monolog"	471
"134"	134	"maennlich"	"aeh"	"monolog"	535
"135"	135	"maennlich"	"stille"	"dialog"	1445
"136"	136	"weiblich"	"stille"	"monolog"	503
"137"	137	"weiblich"	"aeh"	"monolog"	929
"138"	138	"weiblich"	"aehm"	"dialog"	1347
"139"	139	"weiblich"	"aeh"	"monolog"	1400
"140"	140	"weiblich"	"stille"	"monolog"	414
"141"	141	"weiblich"	"aeh"	"monolog"	1290
"142"	142	"maennlich"	"aeh"	"monolog"	362
"143"	143	"maennlich"	"aeh"	"dialog"	1562
"144"	144	"weiblich"	"stille"	"dialog"	942
"145"	145	"weiblich"	"stille"	"dialog"	1190
"146"	146	"maennlich"	"aeh"	"monolog"	1527
"147"	147	"weiblich"	"stille"	"monolog"	1120
"148"	148	"maennlich"	"aehm"	"monolog"	481
"149"	149	"maennlich"	"aeh"	"dialog"	697
"150"	150	"weiblich"	"aehm"	"dialog"	662
"151"	151	"maennlich"	"aehm"	"monolog"	899
"152"	152	"maennlich"	"stille"	"monolog"	1294
"153"	153	"weiblich"	"aehm"	"dialog"	1065
"154"	154	"weiblich"	"aeh"	"dialog"	260
"155"	155	"weiblich"	"aehm"	"dialog"	1013
"156"	156	"maennlich"	"stille"	"monolog"	1219
"157"	157	"weiblich"	"stille"	"monolog"	1431
"158"	158	"weiblich"	"aeh"	"dialog"	1312
"159"	159	"maennlich"	"aeh"	"dialog"	1228
"160"	160	"weiblich"	"aeh"	"monolog"	1504
"161"	161	"weiblich"	"aehm"	"monolog"	1141
"162"	162	"maennlich"	"aeh"	"monolog"	1253
"163"	163	"weiblich"	"stille"	"dialog"	555
"164"	164	"weiblich"	"aehm"	"dialog"	771
"165"	165	"weiblich"	"stille"	"monolog"	459
"166"	166	"weiblich"	"aehm"	"monolog"	757
"167"	167	"maennlich"	"aeh"	"dialog"	1345
"168"	168	"maennlich"	"aeh"	"monolog"	1152
"169"	169	"maennlich"	"aehm"	"dialog"	1250
"170"	170	"weiblich"	"aehm"	"dialog"	1197
"171"	171	"weiblich"	"stille"	"dialog"	861
"172"	172	"maennlich"	"aeh"	"monolog"	629
"173"	173	"weiblich"	"stille"	"dialog"	399
"174"	174	"weiblich"	"stille"	"dialog"	918
"175"	175	"maennlich"	"stille"	"monolog"	1283
"176"	176	"weiblich"	"aehm"	"monolog"	341
"177"	177	"maennlich"	"aeh"	"dialog"	496
"178"	178	"weiblich"	"stille"	"monolog"	488
"179"	179	"maennlich"	"stille"	"dialog"	872
"180"	180	"maennlich"	"stille"	"dialog"	872
"181"	181	"weiblich"	"aehm"	"monolog"	855
"182"	182	"weiblich"	"aehm"	"dialog"	774
"183"	183	"maennlich"	"stille"	"monolog"	1275
"184"	184	"weiblich"	"stille"	"dialog"	1436
"185"	185	"weiblich"	"aehm"	"dialog"	1499
"186"	186	"maennlich"	"aehm"	"monolog"	1294
"187"	187	"maennlich"	"stille"	"monolog"	464
"188"	188	"maennlich"	"aehm"	"dialog"	294
"189"	189	"weiblich"	"aeh"	"dialog"	719
"190"	190	"maennlich"	"aeh"	"dialog"	258
"191"	191	"weiblich"	"aeh"	"monolog"	897
"192"	192	"maennlich"	"stille"	"monolog"	836
"193"	193	"weiblich"	"stille"	"dialog"	1306
"194"	194	"maennlich"	"stille"	"dialog"	1058
"195"	195	"maennlich"	"aehm"	"monolog"	1022
"196"	196	"maennlich"	"aehm"	"dialog"	1436
"197"	197	"maennlich"	"aehm"	"monolog"	645
"198"	198	"weiblich"	"stille"	"monolog"	933
"199"	199	"maennlich"	"aeh"	"monolog"	1080
"200"	200	"maennlich"	"aeh"	"dialog"	504
"201"	201	"weiblich"	"aehm"	"dialog"	1381
"202"	202	"maennlich"	"stille"	"monolog"	357
"203"	203	"weiblich"	"aeh"	"dialog"	781
"204"	204	"maennlich"	"aeh"	"monolog"	1600
"205"	205	"maennlich"	"aehm"	"dialog"	295
"206"	206	"maennlich"	"stille"	"dialog"	764
"207"	207	"maennlich"	"aehm"	"monolog"	885
"208"	208	"weiblich"	"aeh"	"dialog"	1427
"209"	209	"maennlich"	"aeh"	"dialog"	1550
"210"	210	"weiblich"	"stille"	"monolog"	793
"211"	211	"weiblich"	"stille"	"dialog"	1142
"212"	212	"weiblich"	"aeh"	"dialog"	914
"213"	213	"weiblich"	"aeh"	"dialog"	1144
"214"	214	"weiblich"	"aehm"	"monolog"	540
"215"	215	"weiblich"	"aeh"	"dialog"	1201
"216"	216	"weiblich"	"aehm"	"monolog"	627
"217"	217	"maennlich"	"stille"	"monolog"	873
"218"	218	"weiblich"	"stille"	"monolog"	1035
"219"	219	"weiblich"	"aehm"	"dialog"	1000
"220"	220	"weiblich"	"aehm"	"dialog"	441
"221"	221	"weiblich"	"aehm"	"monolog"	1362
"222"	222	"maennlich"	"aehm"	"dialog"	333
"223"	223	"maennlich"	"aeh"	"dialog"	507
"224"	224	"maennlich"	"aeh"	"dialog"	1173
"225"	225	"weiblich"	"stille"	"dialog"	1385
"226"	226	"weiblich"	"aehm"	"dialog"	449
"227"	227	"maennlich"	"aehm"	"monolog"	696
"228"	228	"weiblich"	"stille"	"dialog"	1125
"229"	229	"maennlich"	"stille"	"dialog"	312
"230"	230	"maennlich"	"aeh"	"monolog"	855
"231"	231	"maennlich"	"stille"	"monolog"	262
"232"	232	"maennlich"	"stille"	"dialog"	1414
"233"	233	"weiblich"	"stille"	"monolog"	1198
"234"	234	"weiblich"	"aehm"	"dialog"	882
"235"	235	"maennlich"	"stille"	"dialog"	735
"236"	236	"weiblich"	"stille"	"monolog"	889
"237"	237	"weiblich"	"aehm"	"monolog"	522
"238"	238	"weiblich"	"aeh"	"dialog"	253
"239"	239	"weiblich"	"aeh"	"dialog"	1004
"240"	240	"maennlich"	"stille"	"dialog"	1282
"241"	241	"weiblich"	"stille"	"monolog"	1285
"242"	242	"weiblich"	"aeh"	"monolog"	1174
"243"	243	"weiblich"	"stille"	"monolog"	671
"244"	244	"maennlich"	"stille"	"dialog"	672
"245"	245	"weiblich"	"stille"	"dialog"	358
"246"	246	"maennlich"	"aeh"	"dialog"	1209
"247"	247	"maennlich"	"stille"	"monolog"	1324
"248"	248	"maennlich"	"aeh"	"dialog"	1322
"249"	249	"maennlich"	"stille"	"dialog"	268
"250"	250	"weiblich"	"aeh"	"dialog"	630
"251"	251	"maennlich"	"aehm"	"dialog"	867
"252"	252	"maennlich"	"aeh"	"dialog"	510
"253"	253	"weiblich"	"aeh"	"dialog"	394
"254"	254	"weiblich"	"stille"	"dialog"	1318
"255"	255	"maennlich"	"aeh"	"dialog"	1051
"256"	256	"weiblich"	"aehm"	"dialog"	1221
"257"	257	"maennlich"	"aeh"	"monolog"	1540
"258"	258	"maennlich"	"stille"	"monolog"	627
"259"	259	"weiblich"	"stille"	"dialog"	366
"260"	260	"weiblich"	"aeh"	"dialog"	513
"261"	261	"maennlich"	"aeh"	"monolog"	472
"262"	262	"weiblich"	"aeh"	"dialog"	525
"263"	263	"weiblich"	"aeh"	"monolog"	569
"264"	264	"maennlich"	"aeh"	"dialog"	532
"265"	265	"weiblich"	"stille"	"monolog"	284
"266"	266	"maennlich"	"aeh"	"monolog"	310
"267"	267	"weiblich"	"aehm"	"monolog"	339
"268"	268	"maennlich"	"aehm"	"dialog"	1335
"269"	269	"maennlich"	"aeh"	"dialog"	1005
"270"	270	"maennlich"	"stille"	"dialog"	1297
"271"	271	"maennlich"	"aeh"	"monolog"	291
"272"	272	"weiblich"	"aeh"	"monolog"	1590
"273"	273	"weiblich"	"stille"	"dialog"	392
"274"	274	"maennlich"	"stille"	"dialog"	1248
"275"	275	"weiblich"	"stille"	"monolog"	943
"276"	276	"maennlich"	"aeh"	"monolog"	1432
"277"	277	"weiblich"	"aeh"	"monolog"	376
"278"	278	"weiblich"	"aeh"	"dialog"	1539
"279"	279	"maennlich"	"aeh"	"dialog"	304
"280"	280	"maennlich"	"aeh"	"dialog"	1118
"281"	281	"maennlich"	"stille"	"dialog"	470
"282"	282	"weiblich"	"aehm"	"dialog"	765
"283"	283	"weiblich"	"stille"	"monolog"	1053
"284"	284	"maennlich"	"stille"	"monolog"	576
"285"	285	"weiblich"	"aeh"	"monolog"	631
"286"	286	"maennlich"	"stille"	"dialog"	504
"287"	287	"maennlich"	"stille"	"dialog"	1539
"288"	288	"maennlich"	"aeh"	"dialog"	1588
"289"	289	"maennlich"	"aehm"	"monolog"	287
"290"	290	"weiblich"	"aehm"	"dialog"	977
"291"	291	"maennlich"	"aeh"	"monolog"	862
"292"	292	"maennlich"	"aeh"	"monolog"	1501
"293"	293	"maennlich"	"stille"	"monolog"	1166
"294"	294	"weiblich"	"stille"	"dialog"	1509
"295"	295	"weiblich"	"aeh"	"dialog"	347
"296"	296	"weiblich"	"stille"	"monolog"	460
"297"	297	"maennlich"	"stille"	"monolog"	627
"298"	298	"maennlich"	"stille"	"dialog"	1120
"299"	299	"weiblich"	"stille"	"dialog"	604
"300"	300	"weiblich"	"aeh"	"monolog"	1599
"301"	301	"weiblich"	"aehm"	"dialog"	698
"302"	302	"maennlich"	"aeh"	"dialog"	618
"303"	303	"maennlich"	"stille"	"monolog"	814
"304"	304	"weiblich"	"aehm"	"dialog"	531
"305"	305	"maennlich"	"aeh"	"dialog"	615
"306"	306	"weiblich"	"aeh"	"monolog"	1520
"307"	307	"weiblich"	"aeh"	"monolog"	783
"308"	308	"maennlich"	"aeh"	"monolog"	304
"309"	309	"maennlich"	"stille"	"dialog"	754
"310"	310	"maennlich"	"aehm"	"monolog"	497
"311"	311	"weiblich"	"aehm"	"dialog"	1574
"312"	312	"maennlich"	"stille"	"dialog"	867
"313"	313	"weiblich"	"aeh"	"monolog"	618
"314"	314	"maennlich"	"aeh"	"monolog"	306
"315"	315	"maennlich"	"aeh"	"monolog"	1236
"316"	316	"weiblich"	"stille"	"monolog"	586
"317"	317	"maennlich"	"stille"	"dialog"	1219
"318"	318	"maennlich"	"aehm"	"dialog"	796
"319"	319	"weiblich"	"aehm"	"dialog"	347
"320"	320	"maennlich"	"stille"	"dialog"	728
"321"	321	"maennlich"	"stille"	"monolog"	1252
"322"	322	"weiblich"	"stille"	"monolog"	421
"323"	323	"maennlich"	"aeh"	"monolog"	354
"324"	324	"weiblich"	"stille"	"monolog"	458
"325"	325	"weiblich"	"aehm"	"monolog"	1464
"326"	326	"weiblich"	"aeh"	"monolog"	1530
"327"	327	"maennlich"	"aeh"	"monolog"	1360
"328"	328	"maennlich"	"aeh"	"monolog"	295
"329"	329	"weiblich"	"stille"	"dialog"	1218
"330"	330	"weiblich"	"stille"	"monolog"	1273
"331"	331	"weiblich"	"aehm"	"dialog"	1229
"332"	332	"maennlich"	"stille"	"dialog"	1563
"333"	333	"maennlich"	"stille"	"monolog"	287
"334"	334	"maennlich"	"aeh"	"dialog"	550
"335"	335	"maennlich"	"aehm"	"monolog"	1311
"336"	336	"maennlich"	"aehm"	"monolog"	887
"337"	337	"weiblich"	"aeh"	"dialog"	704
"338"	338	"weiblich"	"aehm"	"dialog"	679
"339"	339	"weiblich"	"stille"	"dialog"	409
"340"	340	"weiblich"	"aehm"	"monolog"	1025
"341"	341	"maennlich"	"aeh"	"monolog"	1426
"342"	342	"maennlich"	"aeh"	"dialog"	1317
"343"	343	"maennlich"	"aeh"	"dialog"	1177
"344"	344	"maennlich"	"aeh"	"dialog"	616
"345"	345	"weiblich"	"aehm"	"dialog"	904
"346"	346	"maennlich"	"aeh"	"dialog"	359
"347"	347	"maennlich"	"aeh"	"monolog"	1141
"348"	348	"maennlich"	"aeh"	"monolog"	360
"349"	349	"maennlich"	"aeh"	"dialog"	329
"350"	350	"maennlich"	"aehm"	"monolog"	1258
"351"	351	"maennlich"	"aehm"	"monolog"	622
"352"	352	"maennlich"	"stille"	"monolog"	345
"353"	353	"maennlich"	"stille"	"dialog"	1007
"354"	354	"maennlich"	"aehm"	"dialog"	1468
"355"	355	"weiblich"	"aeh"	"monolog"	1108
"356"	356	"weiblich"	"aeh"	"dialog"	382
"357"	357	"weiblich"	"aeh"	"monolog"	817
"358"	358	"weiblich"	"aeh"	"monolog"	1224
"359"	359	"maennlich"	"stille"	"monolog"	685
"360"	360	"maennlich"	"aeh"	"monolog"	1035
"361"	361	"weiblich"	"aeh"	"dialog"	753
"362"	362	"maennlich"	"aeh"	"dialog"	966
"363"	363	"weiblich"	"aehm"	"dialog"	606
"364"	364	"maennlich"	"stille"	"dialog"	987
"365"	365	"weiblich"	"stille"	"monolog"	837
"366"	366	"maennlich"	"stille"	"dialog"	938
"367"	367	"maennlich"	"aeh"	"monolog"	1233
"368"	368	"maennlich"	"aeh"	"monolog"	583
"369"	369	"weiblich"	"stille"	"dialog"	462
"370"	370	"weiblich"	"stille"	"monolog"	1002
"371"	371	"weiblich"	"stille"	"monolog"	1432
"372"	372	"maennlich"	"aehm"	"dialog"	448
"373"	373	"maennlich"	"stille"	"monolog"	1358
"374"	374	"maennlich"	"stille"	"dialog"	688
"375"	375	"maennlich"	"aeh"	"dialog"	1279
"376"	376	"maennlich"	"aeh"	"dialog"	961
"377"	377	"maennlich"	"stille"	"monolog"	1229
"378"	378	"maennlich"	"aeh"	"dialog"	1567
"379"	379	"maennlich"	"aeh"	"monolog"	529
"380"	380	"weiblich"	"stille"	"monolog"	945
"381"	381	"maennlich"	"aeh"	"dialog"	568
"382"	382	"maennlich"	"stille"	"dialog"	1165
"383"	383	"maennlich"	"aeh"	"dialog"	825
"384"	384	"weiblich"	"aeh"	"monolog"	1343
"385"	385	"weiblich"	"aeh"	"dialog"	1236
"386"	386	"weiblich"	"stille"	"dialog"	759
"387"	387	"weiblich"	"stille"	"dialog"	1378
"388"	388	"weiblich"	"stille"	"dialog"	1442
"389"	389	"maennlich"	"aeh"	"monolog"	405
"390"	390	"weiblich"	"aehm"	"monolog"	1439
"391"	391	"weiblich"	"stille"	"monolog"	1524
"392"	392	"weiblich"	"aeh"	"monolog"	1526
"393"	393	"maennlich"	"stille"	"dialog"	333
"394"	394	"weiblich"	"aeh"	"monolog"	1284
"395"	395	"maennlich"	"aeh"	"dialog"	1224
"396"	396	"maennlich"	"aehm"	"monolog"	852
"397"	397	"maennlich"	"stille"	"dialog"	1090
"398"	398	"weiblich"	"stille"	"monolog"	487
"399"	399	"maennlich"	"aeh"	"monolog"	751
"400"	400	"weiblich"	"aeh"	"dialog"	797
"401"	401	"weiblich"	"stille"	"dialog"	748
"402"	402	"maennlich"	"aeh"	"monolog"	1599
"403"	403	"maennlich"	"aeh"	"monolog"	1452
"404"	404	"weiblich"	"aeh"	"dialog"	707
"405"	405	"weiblich"	"aeh"	"dialog"	1245
"406"	406	"weiblich"	"aehm"	"dialog"	913
"407"	407	"maennlich"	"aeh"	"dialog"	709
"408"	408	"maennlich"	"aeh"	"dialog"	347
"409"	409	"maennlich"	"aehm"	"dialog"	1196
"410"	410	"maennlich"	"aeh"	"dialog"	1405
"411"	411	"maennlich"	"aeh"	"monolog"	560
"412"	412	"weiblich"	"stille"	"dialog"	557
"413"	413	"maennlich"	"stille"	"dialog"	869
"414"	414	"weiblich"	"aeh"	"dialog"	1352
"415"	415	"maennlich"	"aehm"	"dialog"	1485
"416"	416	"weiblich"	"aehm"	"dialog"	1120
"417"	417	"maennlich"	"stille"	"dialog"	623
"418"	418	"weiblich"	"aehm"	"monolog"	1227
"419"	419	"maennlich"	"aeh"	"dialog"	813
"420"	420	"weiblich"	"aeh"	"monolog"	979
"421"	421	"maennlich"	"stille"	"dialog"	438
"422"	422	"weiblich"	"aeh"	"monolog"	530
"423"	423	"weiblich"	"stille"	"monolog"	1037
"424"	424	"maennlich"	"aeh"	"dialog"	1160
"425"	425	"weiblich"	"aehm"	"dialog"	766
"426"	426	"maennlich"	"aeh"	"dialog"	1498
"427"	427	"maennlich"	"aeh"	"dialog"	1559
"428"	428	"weiblich"	"stille"	"monolog"	662
"429"	429	"weiblich"	"aehm"	"dialog"	1521
"430"	430	"maennlich"	"aeh"	"monolog"	815
"431"	431	"maennlich"	"aeh"	"dialog"	754
"432"	432	"maennlich"	"stille"	"dialog"	553
"433"	433	"weiblich"	"aehm"	"dialog"	776
"434"	434	"maennlich"	"stille"	"dialog"	1119
"435"	435	"weiblich"	"aeh"	"dialog"	815
"436"	436	"weiblich"	"aeh"	"monolog"	1105
"437"	437	"weiblich"	"aeh"	"monolog"	813
"438"	438	"weiblich"	"stille"	"dialog"	455
"439"	439	"maennlich"	"stille"	"dialog"	367
"440"	440	"maennlich"	"aeh"	"dialog"	468
"441"	441	"weiblich"	"aehm"	"monolog"	1463
"442"	442	"weiblich"	"aehm"	"dialog"	935
"443"	443	"maennlich"	"aehm"	"monolog"	1081
"444"	444	"weiblich"	"aeh"	"dialog"	1339
"445"	445	"weiblich"	"aehm"	"dialog"	545
"446"	446	"weiblich"	"aeh"	"dialog"	1518
"447"	447	"weiblich"	"aehm"	"monolog"	1147
"448"	448	"maennlich"	"stille"	"monolog"	326
"449"	449	"maennlich"	"stille"	"monolog"	260
"450"	450	"weiblich"	"aehm"	"monolog"	1286
"451"	451	"weiblich"	"aehm"	"dialog"	454
"452"	452	"maennlich"	"stille"	"monolog"	259
"453"	453	"maennlich"	"aeh"	"monolog"	1507
"454"	454	"weiblich"	"aeh"	"monolog"	1119
"455"	455	"weiblich"	"aehm"	"monolog"	1159
"456"	456	"weiblich"	"stille"	"dialog"	1230
"457"	457	"maennlich"	"aeh"	"monolog"	1211
"458"	458	"maennlich"	"aeh"	"dialog"	411
"459"	459	"weiblich"	"aehm"	"dialog"	1479
"460"	460	"weiblich"	"aehm"	"monolog"	1146
"461"	461	"maennlich"	"aeh"	"monolog"	281
"462"	462	"weiblich"	"stille"	"monolog"	1049
"463"	463	"maennlich"	"aeh"	"monolog"	1496
"464"	464	"maennlich"	"stille"	"dialog"	775
"465"	465	"weiblich"	"stille"	"dialog"	812
"466"	466	"weiblich"	"stille"	"dialog"	445
"467"	467	"maennlich"	"stille"	"dialog"	1258
"468"	468	"maennlich"	"aeh"	"dialog"	819
"469"	469	"maennlich"	"aeh"	"monolog"	1515
"470"	470	"maennlich"	"aeh"	"dialog"	688
"471"	471	"weiblich"	"stille"	"monolog"	517
"472"	472	"weiblich"	"aehm"	"dialog"	864
"473"	473	"maennlich"	"aeh"	"monolog"	1042
"474"	474	"maennlich"	"stille"	"monolog"	758
"475"	475	"weiblich"	"aeh"	"dialog"	633
"476"	476	"maennlich"	"stille"	"dialog"	1253
"477"	477	"maennlich"	"aehm"	"dialog"	640
"478"	478	"weiblich"	"aehm"	"dialog"	1570
"479"	479	"weiblich"	"aeh"	"monolog"	425
"480"	480	"weiblich"	"aeh"	"dialog"	1510
"481"	481	"weiblich"	"aehm"	"dialog"	943
"482"	482	"weiblich"	"aehm"	"monolog"	1588
"483"	483	"weiblich"	"aehm"	"monolog"	1384
"484"	484	"weiblich"	"aeh"	"dialog"	424
"485"	485	"weiblich"	"aehm"	"dialog"	529
"486"	486	"maennlich"	"aeh"	"monolog"	633
"487"	487	"weiblich"	"aeh"	"monolog"	487
"488"	488	"maennlich"	"aehm"	"monolog"	877
"489"	489	"weiblich"	"aehm"	"dialog"	532
"490"	490	"weiblich"	"aeh"	"dialog"	417
"491"	491	"weiblich"	"aehm"	"monolog"	898
"492"	492	"maennlich"	"stille"	"dialog"	1555
"493"	493	"maennlich"	"aeh"	"dialog"	1307
"494"	494	"weiblich"	"aehm"	"monolog"	527
"495"	495	"weiblich"	"stille"	"monolog"	1247
"496"	496	"maennlich"	"aeh"	"dialog"	1584
"497"	497	"weiblich"	"aeh"	"dialog"	831
"498"	498	"maennlich"	"aeh"	"dialog"	1348
"499"	499	"weiblich"	"aehm"	"monolog"	509
"500"	500	"maennlich"	"stille"	"monolog"	251
"501"	501	"maennlich"	"aeh"	"monolog"	1136
"502"	502	"weiblich"	"aeh"	"dialog"	497
"503"	503	"maennlich"	"aehm"	"monolog"	793
"504"	504	"weiblich"	"aehm"	"dialog"	276
"505"	505	"maennlich"	"aehm"	"monolog"	1352
"506"	506	"maennlich"	"aeh"	"dialog"	1008
"507"	507	"weiblich"	"aehm"	"monolog"	498
"508"	508	"weiblich"	"aehm"	"dialog"	840
"509"	509	"weiblich"	"stille"	"monolog"	1227
"510"	510	"weiblich"	"aeh"	"dialog"	276
"511"	511	"weiblich"	"aeh"	"dialog"	650
"512"	512	"maennlich"	"aehm"	"monolog"	1014
"513"	513	"maennlich"	"aeh"	"dialog"	469
"514"	514	"weiblich"	"aeh"	"monolog"	970
"515"	515	"weiblich"	"aehm"	"dialog"	677
"516"	516	"maennlich"	"aeh"	"monolog"	1134
"517"	517	"weiblich"	"stille"	"dialog"	1556
"518"	518	"weiblich"	"aehm"	"dialog"	764
"519"	519	"maennlich"	"aeh"	"monolog"	1038
"520"	520	"maennlich"	"stille"	"dialog"	1141
"521"	521	"weiblich"	"aehm"	"monolog"	1352
"522"	522	"weiblich"	"aehm"	"monolog"	745
"523"	523	"weiblich"	"aeh"	"dialog"	1120
"524"	524	"maennlich"	"aehm"	"monolog"	1013
"525"	525	"weiblich"	"stille"	"dialog"	808
"526"	526	"maennlich"	"aeh"	"monolog"	1499
"527"	527	"weiblich"	"aehm"	"dialog"	348
"528"	528	"weiblich"	"aehm"	"monolog"	949
"529"	529	"weiblich"	"aehm"	"dialog"	508
"530"	530	"weiblich"	"stille"	"dialog"	1082
"531"	531	"maennlich"	"aehm"	"dialog"	389
"532"	532	"maennlich"	"aeh"	"dialog"	1027
"533"	533	"maennlich"	"aehm"	"monolog"	539
"534"	534	"weiblich"	"stille"	"monolog"	327
"535"	535	"weiblich"	"stille"	"dialog"	1544
"536"	536	"maennlich"	"stille"	"monolog"	692
"537"	537	"weiblich"	"stille"	"dialog"	814
"538"	538	"maennlich"	"stille"	"dialog"	1357
"539"	539	"weiblich"	"aehm"	"monolog"	654
"540"	540	"weiblich"	"aeh"	"monolog"	509
"541"	541	"maennlich"	"aeh"	"dialog"	1407
"542"	542	"maennlich"	"stille"	"dialog"	668
"543"	543	"maennlich"	"aehm"	"monolog"	1171
"544"	544	"maennlich"	"stille"	"monolog"	1136
"545"	545	"weiblich"	"aeh"	"monolog"	396
"546"	546	"weiblich"	"stille"	"dialog"	506
"547"	547	"weiblich"	"stille"	"dialog"	850
"548"	548	"maennlich"	"aeh"	"monolog"	576
"549"	549	"weiblich"	"aeh"	"monolog"	913
"550"	550	"maennlich"	"aeh"	"monolog"	712
"551"	551	"weiblich"	"stille"	"monolog"	1496
"552"	552	"maennlich"	"aeh"	"dialog"	909
"553"	553	"maennlich"	"aeh"	"monolog"	592
"554"	554	"maennlich"	"stille"	"monolog"	1506
"555"	555	"weiblich"	"aeh"	"monolog"	791
"556"	556	"maennlich"	"aeh"	"monolog"	1219
"557"	557	"maennlich"	"aehm"	"dialog"	778
"558"	558	"weiblich"	"aeh"	"dialog"	1024
"559"	559	"maennlich"	"aeh"	"monolog"	1207
"560"	560	"maennlich"	"stille"	"monolog"	1441
"561"	561	"weiblich"	"aeh"	"dialog"	577
"562"	562	"weiblich"	"aehm"	"monolog"	488
"563"	563	"maennlich"	"aeh"	"dialog"	1412
"564"	564	"weiblich"	"stille"	"monolog"	592
"565"	565	"maennlich"	"stille"	"dialog"	969
"566"	566	"weiblich"	"aehm"	"monolog"	837
"567"	567	"maennlich"	"stille"	"monolog"	1136
"568"	568	"maennlich"	"aeh"	"dialog"	598
"569"	569	"maennlich"	"aehm"	"dialog"	256
"570"	570	"maennlich"	"stille"	"dialog"	1009
"571"	571	"weiblich"	"stille"	"monolog"	1117
"572"	572	"weiblich"	"aeh"	"monolog"	548
"573"	573	"weiblich"	"stille"	"dialog"	663
"574"	574	"maennlich"	"aeh"	"monolog"	586
"575"	575	"maennlich"	"stille"	"monolog"	700
"576"	576	"maennlich"	"aehm"	"monolog"	666
"577"	577	"weiblich"	"stille"	"monolog"	632
"578"	578	"weiblich"	"aehm"	"dialog"	806
"579"	579	"weiblich"	"stille"	"monolog"	413
"580"	580	"maennlich"	"stille"	"dialog"	861
"581"	581	"maennlich"	"aehm"	"monolog"	711
"582"	582	"weiblich"	"stille"	"monolog"	1241
"583"	583	"maennlich"	"aeh"	"monolog"	1260
"584"	584	"weiblich"	"stille"	"dialog"	966
"585"	585	"maennlich"	"stille"	"monolog"	284
"586"	586	"maennlich"	"stille"	"dialog"	1001
"587"	587	"maennlich"	"aeh"	"monolog"	1301
"588"	588	"weiblich"	"stille"	"dialog"	1045
"589"	589	"weiblich"	"aehm"	"dialog"	888
"590"	590	"maennlich"	"aeh"	"dialog"	425
"591"	591	"weiblich"	"stille"	"monolog"	1545
"592"	592	"weiblich"	"stille"	"dialog"	774
"593"	593	"maennlich"	"stille"	"dialog"	1474
"594"	594	"maennlich"	"aeh"	"dialog"	1295
"595"	595	"weiblich"	"aeh"	"dialog"	1432
"596"	596	"weiblich"	"aeh"	"dialog"	319
"597"	597	"weiblich"	"aehm"	"dialog"	1349
"598"	598	"maennlich"	"aehm"	"dialog"	1544
"599"	599	"weiblich"	"stille"	"dialog"	1354
"600"	600	"maennlich"	"aehm"	"dialog"	381
"601"	601	"weiblich"	"aehm"	"dialog"	1560
"602"	602	"weiblich"	"aeh"	"monolog"	1408
"603"	603	"maennlich"	"stille"	"monolog"	595
"604"	604	"maennlich"	"aeh"	"dialog"	1114
"605"	605	"maennlich"	"aeh"	"dialog"	1557
"606"	606	"maennlich"	"aeh"	"monolog"	782
"607"	607	"weiblich"	"aeh"	"dialog"	1372
"608"	608	"weiblich"	"aehm"	"dialog"	297
"609"	609	"weiblich"	"aeh"	"dialog"	791
"610"	610	"weiblich"	"stille"	"dialog"	664
"611"	611	"maennlich"	"aeh"	"monolog"	618
"612"	612	"maennlich"	"stille"	"dialog"	1271
"613"	613	"weiblich"	"stille"	"dialog"	738
"614"	614	"weiblich"	"aeh"	"dialog"	622
"615"	615	"maennlich"	"stille"	"monolog"	447
"616"	616	"maennlich"	"aehm"	"monolog"	1299
"617"	617	"maennlich"	"aeh"	"dialog"	812
"618"	618	"weiblich"	"aehm"	"monolog"	1115
"619"	619	"maennlich"	"aehm"	"dialog"	1378
"620"	620	"maennlich"	"aeh"	"dialog"	586
"621"	621	"weiblich"	"aehm"	"dialog"	1192
"622"	622	"maennlich"	"aehm"	"monolog"	1235
"623"	623	"weiblich"	"aeh"	"dialog"	1152
"624"	624	"weiblich"	"stille"	"dialog"	1266
"625"	625	"weiblich"	"stille"	"monolog"	640
"626"	626	"weiblich"	"aehm"	"monolog"	715
"627"	627	"weiblich"	"stille"	"dialog"	1047
"628"	628	"weiblich"	"stille"	"dialog"	1454
"629"	629	"maennlich"	"aehm"	"monolog"	980
"630"	630	"maennlich"	"stille"	"dialog"	825
"631"	631	"maennlich"	"aehm"	"monolog"	649
"632"	632	"maennlich"	"aeh"	"monolog"	974
"633"	633	"weiblich"	"aehm"	"dialog"	911
"634"	634	"maennlich"	"aeh"	"monolog"	833
"635"	635	"maennlich"	"aeh"	"monolog"	543
"636"	636	"weiblich"	"aehm"	"dialog"	889
"637"	637	"maennlich"	"stille"	"monolog"	280
"638"	638	"maennlich"	"stille"	"monolog"	869
"639"	639	"weiblich"	"aeh"	"monolog"	634
"640"	640	"weiblich"	"stille"	"dialog"	1269
"641"	641	"weiblich"	"stille"	"dialog"	1542
"642"	642	"maennlich"	"aehm"	"monolog"	1112
"643"	643	"weiblich"	"aeh"	"monolog"	1408
"644"	644	"weiblich"	"stille"	"dialog"	962
"645"	645	"weiblich"	"aeh"	"monolog"	1161
"646"	646	"maennlich"	"stille"	"dialog"	1392
"647"	647	"maennlich"	"aeh"	"monolog"	1245
"648"	648	"maennlich"	"stille"	"dialog"	1088
"649"	649	"weiblich"	"aehm"	"monolog"	912
"650"	650	"maennlich"	"aeh"	"dialog"	570
"651"	651	"weiblich"	"aehm"	"monolog"	1147
"652"	652	"weiblich"	"aehm"	"dialog"	1162
"653"	653	"weiblich"	"stille"	"monolog"	769
"654"	654	"maennlich"	"stille"	"dialog"	1145
"655"	655	"weiblich"	"stille"	"monolog"	538
"656"	656	"maennlich"	"aehm"	"dialog"	378
"657"	657	"maennlich"	"aeh"	"dialog"	621
"658"	658	"maennlich"	"aeh"	"dialog"	898
"659"	659	"maennlich"	"stille"	"dialog"	897
"660"	660	"maennlich"	"stille"	"monolog"	1063
"661"	661	"maennlich"	"stille"	"dialog"	897
"662"	662	"weiblich"	"stille"	"dialog"	1322
"663"	663	"maennlich"	"aehm"	"dialog"	889
"664"	664	"weiblich"	"stille"	"monolog"	1159
"665"	665	"weiblich"	"stille"	"dialog"	950
"666"	666	"maennlich"	"aeh"	"monolog"	1148
"667"	667	"maennlich"	"aeh"	"dialog"	1103
"668"	668	"maennlich"	"aeh"	"monolog"	1128
"669"	669	"weiblich"	"stille"	"monolog"	1506
"670"	670	"maennlich"	"stille"	"dialog"	669
"671"	671	"maennlich"	"stille"	"monolog"	703
"672"	672	"maennlich"	"aeh"	"dialog"	1318
"673"	673	"maennlich"	"aeh"	"dialog"	556
"674"	674	"weiblich"	"stille"	"dialog"	1367
"675"	675	"weiblich"	"aehm"	"monolog"	1418
"676"	676	"maennlich"	"aeh"	"dialog"	314
"677"	677	"weiblich"	"stille"	"dialog"	1177
"678"	678	"maennlich"	"aeh"	"monolog"	894
"679"	679	"weiblich"	"stille"	"monolog"	1153
"680"	680	"maennlich"	"stille"	"monolog"	1416
"681"	681	"weiblich"	"aeh"	"monolog"	380
"682"	682	"maennlich"	"stille"	"dialog"	323
"683"	683	"weiblich"	"stille"	"monolog"	772
"684"	684	"maennlich"	"aehm"	"dialog"	1263
"685"	685	"weiblich"	"aeh"	"dialog"	431
"686"	686	"weiblich"	"aehm"	"dialog"	760
"687"	687	"weiblich"	"aehm"	"dialog"	928
"688"	688	"maennlich"	"stille"	"dialog"	1526
"689"	689	"weiblich"	"stille"	"monolog"	969
"690"	690	"maennlich"	"aehm"	"monolog"	829
"691"	691	"weiblich"	"aeh"	"monolog"	314
"692"	692	"weiblich"	"aeh"	"dialog"	1489
"693"	693	"weiblich"	"aehm"	"dialog"	1160
"694"	694	"maennlich"	"aeh"	"dialog"	483
"695"	695	"weiblich"	"stille"	"dialog"	611
"696"	696	"maennlich"	"aeh"	"dialog"	266
"697"	697	"maennlich"	"aehm"	"dialog"	1324
"698"	698	"weiblich"	"aehm"	"monolog"	1054
"699"	699	"weiblich"	"aehm"	"monolog"	1111
"700"	700	"maennlich"	"aeh"	"monolog"	261
"701"	701	"weiblich"	"stille"	"monolog"	831
"702"	702	"weiblich"	"aehm"	"monolog"	1569
"703"	703	"maennlich"	"stille"	"dialog"	464
"704"	704	"weiblich"	"aeh"	"monolog"	1432
"705"	705	"maennlich"	"aeh"	"dialog"	615
"706"	706	"maennlich"	"aeh"	"monolog"	1533
"707"	707	"maennlich"	"stille"	"monolog"	676
"708"	708	"maennlich"	"aeh"	"dialog"	933
"709"	709	"weiblich"	"aeh"	"dialog"	364
"710"	710	"weiblich"	"stille"	"dialog"	734
"711"	711	"weiblich"	"aehm"	"dialog"	1091
"712"	712	"maennlich"	"aeh"	"dialog"	1213
"713"	713	"weiblich"	"aeh"	"dialog"	1413
"714"	714	"weiblich"	"aeh"	"dialog"	868
"715"	715	"weiblich"	"aehm"	"monolog"	461
"716"	716	"maennlich"	"aeh"	"dialog"	606
"717"	717	"maennlich"	"aeh"	"monolog"	1370
"718"	718	"maennlich"	"stille"	"monolog"	895
"719"	719	"weiblich"	"aeh"	"monolog"	1564
"720"	720	"maennlich"	"aeh"	"monolog"	567
"721"	721	"maennlich"	"aeh"	"dialog"	938
"722"	722	"maennlich"	"stille"	"dialog"	379
"723"	723	"weiblich"	"aehm"	"dialog"	1373
"724"	724	"weiblich"	"aeh"	"monolog"	896
"725"	725	"weiblich"	"aehm"	"monolog"	863
"726"	726	"weiblich"	"aehm"	"dialog"	1374
"727"	727	"weiblich"	"aehm"	"dialog"	416
"728"	728	"maennlich"	"stille"	"monolog"	875
"729"	729	"maennlich"	"aehm"	"dialog"	1383
"730"	730	"weiblich"	"stille"	"dialog"	1486
"731"	731	"weiblich"	"aeh"	"monolog"	797
"732"	732	"weiblich"	"stille"	"dialog"	639
"733"	733	"maennlich"	"aeh"	"dialog"	990
"734"	734	"weiblich"	"stille"	"monolog"	1112
"735"	735	"maennlich"	"stille"	"monolog"	867
"736"	736	"maennlich"	"aehm"	"monolog"	444
"737"	737	"maennlich"	"aehm"	"dialog"	1501
"738"	738	"maennlich"	"aehm"	"dialog"	1247
"739"	739	"weiblich"	"stille"	"dialog"	603
"740"	740	"weiblich"	"aeh"	"monolog"	1594
"741"	741	"weiblich"	"aeh"	"dialog"	1379
"742"	742	"maennlich"	"stille"	"monolog"	1382
"743"	743	"maennlich"	"aehm"	"monolog"	1347
"744"	744	"weiblich"	"aehm"	"dialog"	1307
"745"	745	"maennlich"	"aeh"	"dialog"	513
"746"	746	"weiblich"	"stille"	"dialog"	884
"747"	747	"weiblich"	"aeh"	"dialog"	464
"748"	748	"maennlich"	"stille"	"monolog"	1480
"749"	749	"maennlich"	"stille"	"dialog"	1105
"750"	750	"weiblich"	"aehm"	"dialog"	1227
"751"	751	"maennlich"	"stille"	"dialog"	1054
"752"	752	"weiblich"	"aehm"	"dialog"	663
"753"	753	"maennlich"	"stille"	"monolog"	838
"754"	754	"maennlich"	"aehm"	"monolog"	305
"755"	755	"weiblich"	"aehm"	"dialog"	788
"756"	756	"maennlich"	"aeh"	"dialog"	1375
"757"	757	"maennlich"	"aeh"	"dialog"	827
"758"	758	"maennlich"	"aehm"	"monolog"	512
"759"	759	"weiblich"	"aehm"	"monolog"	275
"760"	760	"maennlich"	"aeh"	"monolog"	714
"761"	761	"weiblich"	"aehm"	"monolog"	1531
"762"	762	"maennlich"	"aehm"	"monolog"	1568
"763"	763	"weiblich"	"aehm"	"monolog"	430
"764"	764	"maennlich"	"aeh"	"monolog"	439
"765"	765	"weiblich"	"aeh"	"monolog"	1042
"766"	766	"weiblich"	"aeh"	"monolog"	1106
"767"	767	"maennlich"	"aeh"	"monolog"	880
"768"	768	"weiblich"	"stille"	"dialog"	439
"769"	769	"weiblich"	"aehm"	"dialog"	1349
"770"	770	"weiblich"	"aehm"	"monolog"	1036
"771"	771	"weiblich"	"stille"	"dialog"	1313
"772"	772	"weiblich"	"aeh"	"monolog"	946
"773"	773	"maennlich"	"stille"	"monolog"	508
"774"	774	"maennlich"	"aehm"	"monolog"	812
"775"	775	"maennlich"	"aeh"	"dialog"	1573
"776"	776	"maennlich"	"stille"	"monolog"	374
"777"	777	"weiblich"	"aehm"	"dialog"	640
"778"	778	"weiblich"	"aeh"	"monolog"	1287
"779"	779	"maennlich"	"aehm"	"monolog"	1072
"780"	780	"maennlich"	"stille"	"monolog"	646
"781"	781	"weiblich"	"aehm"	"dialog"	1587
"782"	782	"weiblich"	"aeh"	"dialog"	291
"783"	783	"weiblich"	"aehm"	"dialog"	1426
"784"	784	"weiblich"	"aeh"	"monolog"	1470
"785"	785	"maennlich"	"aehm"	"dialog"	686
"786"	786	"weiblich"	"stille"	"dialog"	901
"787"	787	"weiblich"	"stille"	"dialog"	719
"788"	788	"weiblich"	"stille"	"dialog"	836
"789"	789	"weiblich"	"aeh"	"dialog"	903
"790"	790	"weiblich"	"stille"	"dialog"	1385
"791"	791	"maennlich"	"aeh"	"dialog"	876
"792"	792	"weiblich"	"aeh"	"dialog"	757
"793"	793	"maennlich"	"stille"	"monolog"	528
"794"	794	"maennlich"	"aeh"	"dialog"	1307
"795"	795	"weiblich"	"stille"	"monolog"	323
"796"	796	"weiblich"	"aehm"	"monolog"	409
"797"	797	"maennlich"	"stille"	"dialog"	426
"798"	798	"weiblich"	"aehm"	"monolog"	869
"799"	799	"maennlich"	"stille"	"monolog"	1538
"800"	800	"maennlich"	"stille"	"monolog"	1350
"801"	801	"weiblich"	"aeh"	"dialog"	703
"802"	802	"maennlich"	"stille"	"monolog"	961
"803"	803	"weiblich"	"aeh"	"monolog"	257
"804"	804	"weiblich"	"aeh"	"dialog"	1565
"805"	805	"weiblich"	"stille"	"monolog"	1167
"806"	806	"weiblich"	"aeh"	"monolog"	1265
"807"	807	"maennlich"	"aeh"	"monolog"	789
"808"	808	"weiblich"	"aehm"	"monolog"	340
"809"	809	"weiblich"	"aehm"	"dialog"	403
"810"	810	"maennlich"	"stille"	"dialog"	1177
"811"	811	"weiblich"	"aeh"	"dialog"	1269
"812"	812	"maennlich"	"stille"	"monolog"	1492
"813"	813	"maennlich"	"aeh"	"monolog"	1094
"814"	814	"maennlich"	"stille"	"dialog"	887
"815"	815	"maennlich"	"aeh"	"dialog"	1374
"816"	816	"maennlich"	"aeh"	"dialog"	493
"817"	817	"weiblich"	"aehm"	"monolog"	1550
"818"	818	"weiblich"	"aehm"	"monolog"	644
"819"	819	"maennlich"	"stille"	"dialog"	667
"820"	820	"weiblich"	"stille"	"dialog"	1115
"821"	821	"weiblich"	"aehm"	"dialog"	1322
"822"	822	"maennlich"	"aeh"	"monolog"	934
"823"	823	"weiblich"	"aehm"	"monolog"	922
"824"	824	"maennlich"	"aeh"	"monolog"	1180
"825"	825	"weiblich"	"aeh"	"monolog"	889
"826"	826	"weiblich"	"aeh"	"dialog"	1598
"827"	827	"weiblich"	"stille"	"monolog"	832
"828"	828	"maennlich"	"aeh"	"dialog"	1173
"829"	829	"weiblich"	"aehm"	"dialog"	313
"830"	830	"maennlich"	"aehm"	"dialog"	1278
"831"	831	"weiblich"	"aeh"	"dialog"	543
"832"	832	"maennlich"	"aehm"	"monolog"	954
"833"	833	"maennlich"	"aehm"	"dialog"	1160
"834"	834	"maennlich"	"aeh"	"dialog"	618
"835"	835	"maennlich"	"aehm"	"dialog"	334
"836"	836	"weiblich"	"aeh"	"monolog"	497
"837"	837	"maennlich"	"aehm"	"monolog"	402
"838"	838	"maennlich"	"stille"	"dialog"	1141
"839"	839	"maennlich"	"aeh"	"monolog"	1436
"840"	840	"weiblich"	"aehm"	"dialog"	979
"841"	841	"maennlich"	"aeh"	"dialog"	820
"842"	842	"weiblich"	"aehm"	"dialog"	541
"843"	843	"weiblich"	"stille"	"dialog"	1430
"844"	844	"maennlich"	"stille"	"dialog"	525
"845"	845	"weiblich"	"stille"	"dialog"	988
"846"	846	"weiblich"	"stille"	"monolog"	622
"847"	847	"maennlich"	"aehm"	"dialog"	307
"848"	848	"weiblich"	"stille"	"dialog"	1190
"849"	849	"weiblich"	"aeh"	"monolog"	1503
"850"	850	"maennlich"	"aeh"	"monolog"	251
"851"	851	"weiblich"	"stille"	"monolog"	1525
"852"	852	"weiblich"	"stille"	"dialog"	1221
"853"	853	"maennlich"	"stille"	"monolog"	1346
"854"	854	"maennlich"	"stille"	"monolog"	367
"855"	855	"weiblich"	"aeh"	"dialog"	1185
"856"	856	"weiblich"	"aeh"	"monolog"	1355
"857"	857	"maennlich"	"aehm"	"monolog"	784
"858"	858	"maennlich"	"stille"	"monolog"	1520
"859"	859	"weiblich"	"aeh"	"dialog"	1004
"860"	860	"weiblich"	"aeh"	"monolog"	526
"861"	861	"maennlich"	"stille"	"dialog"	902
"862"	862	"maennlich"	"aeh"	"dialog"	723
"863"	863	"maennlich"	"aehm"	"dialog"	366
"864"	864	"weiblich"	"aeh"	"monolog"	282
"865"	865	"weiblich"	"aeh"	"dialog"	1321
"866"	866	"maennlich"	"stille"	"dialog"	490
"867"	867	"maennlich"	"aeh"	"dialog"	433
"868"	868	"maennlich"	"aeh"	"dialog"	1414
"869"	869	"weiblich"	"aeh"	"monolog"	1039
"870"	870	"weiblich"	"stille"	"monolog"	399
"871"	871	"weiblich"	"stille"	"monolog"	1266
"872"	872	"maennlich"	"aeh"	"monolog"	1262
"873"	873	"weiblich"	"aehm"	"dialog"	1264
"874"	874	"maennlich"	"aeh"	"dialog"	253
"875"	875	"maennlich"	"aeh"	"dialog"	624
"876"	876	"weiblich"	"aehm"	"dialog"	880
"877"	877	"weiblich"	"stille"	"dialog"	307
"878"	878	"weiblich"	"aehm"	"dialog"	1368
"879"	879	"maennlich"	"aeh"	"dialog"	1057
"880"	880	"maennlich"	"stille"	"dialog"	810
"881"	881	"maennlich"	"stille"	"monolog"	1026
"882"	882	"maennlich"	"aehm"	"dialog"	1322
"883"	883	"maennlich"	"aehm"	"monolog"	1527
"884"	884	"maennlich"	"aeh"	"dialog"	1387
"885"	885	"maennlich"	"stille"	"dialog"	613
"886"	886	"weiblich"	"stille"	"monolog"	1099
"887"	887	"maennlich"	"aeh"	"monolog"	453
"888"	888	"weiblich"	"aehm"	"dialog"	1204
"889"	889	"maennlich"	"aehm"	"monolog"	785
"890"	890	"maennlich"	"aehm"	"dialog"	1040
"891"	891	"weiblich"	"stille"	"dialog"	1278
"892"	892	"weiblich"	"aeh"	"dialog"	1538
"893"	893	"maennlich"	"aehm"	"dialog"	1422
"894"	894	"maennlich"	"aeh"	"dialog"	503
"895"	895	"maennlich"	"aeh"	"dialog"	1494
"896"	896	"weiblich"	"aeh"	"monolog"	911
"897"	897	"maennlich"	"aeh"	"monolog"	842
"898"	898	"weiblich"	"aehm"	"dialog"	596
"899"	899	"maennlich"	"stille"	"dialog"	835
"900"	900	"maennlich"	"aehm"	"dialog"	1108
"901"	901	"maennlich"	"aeh"	"monolog"	883
"902"	902	"maennlich"	"aeh"	"dialog"	564
"903"	903	"weiblich"	"aeh"	"monolog"	1453
"904"	904	"weiblich"	"aeh"	"monolog"	709
"905"	905	"weiblich"	"aehm"	"dialog"	808
"906"	906	"weiblich"	"aehm"	"dialog"	722
"907"	907	"maennlich"	"aeh"	"monolog"	663
"908"	908	"maennlich"	"aeh"	"monolog"	1512
"909"	909	"weiblich"	"stille"	"monolog"	1171
"910"	910	"maennlich"	"stille"	"monolog"	1153
"911"	911	"maennlich"	"aeh"	"monolog"	416
"912"	912	"weiblich"	"aehm"	"monolog"	1206
"913"	913	"weiblich"	"aehm"	"dialog"	301
"914"	914	"maennlich"	"aeh"	"monolog"	943
"915"	915	"maennlich"	"aehm"	"monolog"	299
"916"	916	"maennlich"	"aehm"	"monolog"	367
"917"	917	"maennlich"	"aeh"	"dialog"	495
"918"	918	"maennlich"	"aeh"	"dialog"	706
"919"	919	"maennlich"	"stille"	"monolog"	934
"920"	920	"weiblich"	"stille"	"dialog"	1196
"921"	921	"weiblich"	"aeh"	"dialog"	1172
"922"	922	"maennlich"	"stille"	"dialog"	1010
"923"	923	"maennlich"	"aeh"	"dialog"	784
"924"	924	"maennlich"	"aeh"	"dialog"	400
"925"	925	"weiblich"	"stille"	"dialog"	1482
"926"	926	"weiblich"	"stille"	"monolog"	782
"927"	927	"weiblich"	"stille"	"dialog"	1080
"928"	928	"maennlich"	"aehm"	"dialog"	915
"929"	929	"weiblich"	"aehm"	"dialog"	435
"930"	930	"maennlich"	"aehm"	"dialog"	490
"931"	931	"maennlich"	"aeh"	"dialog"	512
"932"	932	"weiblich"	"stille"	"monolog"	297
"933"	933	"weiblich"	"aeh"	"dialog"	819
"934"	934	"maennlich"	"aeh"	"monolog"	666
"935"	935	"weiblich"	"aehm"	"dialog"	1186
"936"	936	"weiblich"	"aeh"	"monolog"	740
"937"	937	"weiblich"	"aehm"	"dialog"	935
"938"	938	"weiblich"	"stille"	"monolog"	543
"939"	939	"maennlich"	"aeh"	"dialog"	697
"940"	940	"weiblich"	"stille"	"dialog"	1251
"941"	941	"maennlich"	"aehm"	"monolog"	677
"942"	942	"weiblich"	"aeh"	"monolog"	920
"943"	943	"weiblich"	"stille"	"monolog"	1299
"944"	944	"maennlich"	"aehm"	"dialog"	727
"945"	945	"weiblich"	"stille"	"dialog"	568
"946"	946	"maennlich"	"aeh"	"dialog"	1137
"947"	947	"weiblich"	"aeh"	"dialog"	1564
"948"	948	"maennlich"	"aeh"	"dialog"	842
"949"	949	"maennlich"	"aeh"	"dialog"	1392
"950"	950	"weiblich"	"aeh"	"dialog"	1029
"951"	951	"weiblich"	"aehm"	"dialog"	1500
"952"	952	"maennlich"	"aehm"	"dialog"	998
"953"	953	"maennlich"	"aeh"	"dialog"	576
"954"	954	"weiblich"	"aeh"	"monolog"	467
"955"	955	"maennlich"	"stille"	"dialog"	1399
"956"	956	"maennlich"	"aeh"	"dialog"	1281
"957"	957	"weiblich"	"aehm"	"dialog"	1070
"958"	958	"weiblich"	"aehm"	"dialog"	579
"959"	959	"maennlich"	"aeh"	"monolog"	1044
"960"	960	"maennlich"	"stille"	"monolog"	269
"961"	961	"weiblich"	"aehm"	"dialog"	514
"962"	962	"weiblich"	"stille"	"dialog"	615
"963"	963	"maennlich"	"aehm"	"dialog"	1182
"964"	964	"weiblich"	"aeh"	"dialog"	924
"965"	965	"weiblich"	"aeh"	"monolog"	762
"966"	966	"maennlich"	"aeh"	"dialog"	1299
"967"	967	"maennlich"	"aeh"	"monolog"	371
"968"	968	"maennlich"	"stille"	"monolog"	622
"969"	969	"weiblich"	"aehm"	"dialog"	1481
"970"	970	"weiblich"	"aehm"	"monolog"	547
"971"	971	"maennlich"	"stille"	"dialog"	1273
"972"	972	"maennlich"	"aehm"	"monolog"	1499
"973"	973	"weiblich"	"aehm"	"monolog"	354
"974"	974	"maennlich"	"aeh"	"monolog"	472
"975"	975	"maennlich"	"aehm"	"monolog"	583
"976"	976	"weiblich"	"aeh"	"monolog"	973
"977"	977	"weiblich"	"stille"	"monolog"	1419
"978"	978	"maennlich"	"stille"	"monolog"	763
"979"	979	"weiblich"	"stille"	"dialog"	980
"980"	980	"maennlich"	"aeh"	"dialog"	1315
"981"	981	"maennlich"	"aeh"	"dialog"	1383
"982"	982	"maennlich"	"aeh"	"monolog"	1415
"983"	983	"weiblich"	"aeh"	"monolog"	390
"984"	984	"maennlich"	"aehm"	"dialog"	829
"985"	985	"maennlich"	"aehm"	"monolog"	1388
"986"	986	"weiblich"	"aehm"	"dialog"	686
"987"	987	"maennlich"	"stille"	"dialog"	986
"988"	988	"weiblich"	"aehm"	"dialog"	1470
"989"	989	"maennlich"	"aehm"	"monolog"	554
"990"	990	"weiblich"	"stille"	"dialog"	479
"991"	991	"maennlich"	"stille"	"dialog"	1327
"992"	992	"weiblich"	"aehm"	"monolog"	846
"993"	993	"maennlich"	"aeh"	"dialog"	1202
"994"	994	"weiblich"	"aehm"	"monolog"	945
"995"	995	"maennlich"	"aeh"	"dialog"	550
"996"	996	"maennlich"	"stille"	"dialog"	751
"997"	997	"weiblich"	"aehm"	"dialog"	1005
"998"	998	"weiblich"	"aehm"	"monolog"	568
"999"	999	"weiblich"	"aeh"	"dialog"	984
"1000"	1000	"weiblich"	"aeh"	"dialog"	1521
